method,profession,internal_r2,external_r2,internal_mae,external_mae
province_based,veteriner,0.66078526,0.74561656,1.7684332,1.7231954
province_based,gida,0.8529015,0.7641051,0.66296417,0.75537306
province_based,ziraat,0.70229995,0.65718454,2.3541813,3.1727467
holdout,veteriner,0.68333876,0.6643675,1.7513818,1.7867674
holdout,gida,0.79794055,0.89798355,0.65224665,0.5106314
holdout,ziraat,0.6641983,0.66408855,2.6317692,2.708151
