{
  "train_loss": [
    8.192243087859381,
    5.441721002260844,
    3.6264135326657976,
    2.8773686303978874,
    2.632136976435071,
    2.2770755347751437,
    2.149585112219765,
    1.7717673778533936,
    1.8244150422868275,
    2.602054496606191,
    1.8518992690812974,
    1.775376816590627,
    1.9172113253956748,
    2.2280864602043513,
    1.7800494475024087,
    1.8771480123202007,
    2.269645245302291,
    2.494739470027742,
    1.9340370354198275,
    2.005667438109716,
    2.004934860836892,
    1.8165560009933652,
    2.2893088999248685,
    1.6596281627813976,
    1.6109494212127866,
    1.9547261808599745,
    1.5902436176935832,
    1.9505267157441093,
    1.5365913354215168,
    1.7751418635958718
  ],
  "val_loss": [
    3.6094814340273538,
    2.597553034623464,
    1.8967115978399913,
    1.228605071703593,
    1.200246423482895,
    1.3325118521849315,
    1.0863989492257435,
    1.1206223616997402,
    0.9935357769330343,
    0.9872611165046692,
    1.1464532166719437,
    1.0596399108568828,
    0.9085174798965454,
    1.362629051009814,
    0.8080724676450094,
    0.9522301902373632,
    1.8440414170424144,
    1.0509074827035267,
    1.0740125700831413,
    1.305568888783455,
    0.8926310390233994,
    0.8463708559672037,
    0.995766152938207,
    0.9415283600489298,
    0.9716206838687261,
    1.0636934340000153,
    1.0446121444304783,
    1.2786768277486165,
    1.1085620820522308,
    0.9193043808142344
  ],
  "val_mae": [
    1.4502654075622559,
    1.295857310295105,
    1.0180797576904297,
    0.7591292858123779,
    0.7076035141944885,
    0.6982684135437012,
    0.5822961330413818,
    0.5850679278373718,
    0.556106686592102,
    0.5401585102081299,
    0.5851064920425415,
    0.5523771643638611,
    0.5520285367965698,
    0.6052274703979492,
    0.5072343945503235,
    0.5404149889945984,
    0.6626339554786682,
    0.5677951574325562,
    0.5792189240455627,
    0.6402525901794434,
    0.5108944177627563,
    0.524345874786377,
    0.5447107553482056,
    0.5332055687904358,
    0.5462836027145386,
    0.5660186409950256,
    0.5738701820373535,
    0.6074609756469727,
    0.5749301910400391,
    0.5475770831108093
  ],
  "val_r2": [
    -0.12532615661621094,
    0.18977081775665283,
    0.3995697498321533,
    0.6155978441238403,
    0.6143864393234253,
    0.5708231925964355,
    0.6629396080970764,
    0.6370248794555664,
    0.6810697317123413,
    0.6823058128356934,
    0.6279670000076294,
    0.6679521799087524,
    0.7102110385894775,
    0.556477427482605,
    0.7567447423934937,
    0.7019591331481934,
    0.40250277519226074,
    0.6657559871673584,
    0.6513999700546265,
    0.5736366510391235,
    0.7130694389343262,
    0.7340728044509888,
    0.6792377233505249,
    0.6965652704238892,
    0.685723066329956,
    0.6579470634460449,
    0.6628018021583557,
    0.5853679180145264,
    0.6445728540420532,
    0.7080309391021729
  ],
  "lr": [
    0.001,
    0.001,
    0.001,
    0.001,
    0.001,
    0.001,
    0.001,
    0.001,
    0.001,
    0.001,
    0.001,
    0.001,
    0.001,
    0.001,
    0.001,
    0.001,
    0.001,
    0.001,
    0.001,
    0.001,
    0.0005,
    0.0005,
    0.0005,
    0.0005,
    0.0005,
    0.0005,
    0.00025,
    0.00025,
    0.00025,
    0.00025
  ]
}