{
  "train_loss": [
    9.044582315853663,
    6.018617272377014,
    3.7215959969021024,
    3.2432556123960588,
    2.6364564299583435,
    2.3444527643067494,
    2.359954357147217,
    2.6276800008047196,
    2.0097479678335644,
    1.8054132802145821,
    1.6751008317584084,
    2.138179580370585,
    2.051448234489986,
    2.376191862991878,
    1.767158289750417,
    2.146764941158749,
    2.207752763515427,
    1.8074695907887959,
    1.958600918451945,
    1.8059802324998946,
    1.888196709610167,
    1.8784843754200709,
    1.5287181238333385,
    2.1513535422938213,
    2.1569559545744035,
    1.7103768019449144,
    1.8406986679349626,
    1.6006640224229722,
    1.9309945915426527,
    2.071489546980177,
    1.831479095277332,
    1.38040372303554,
    2.395295258079256,
    1.5846118529637654,
    2.136328725587754
  ],
  "val_loss": [
    4.060087561607361,
    2.9228329261144004,
    2.281530261039734,
    1.8667185207207997,
    1.3595713426669438,
    1.1404400517543156,
    0.9206870198249817,
    0.924837589263916,
    1.0264346972107887,
    0.9361585701505343,
    1.0159933418035507,
    0.9664528121550878,
    0.9691000208258629,
    0.987310121456782,
    0.9340436806281408,
    1.0040885955095291,
    1.0390241146087646,
    0.9412073840697607,
    0.9267246822516123,
    0.8595859458049139,
    0.8936461359262466,
    0.8778975307941437,
    0.8724153786897659,
    0.9102414846420288,
    0.8861982971429825,
    0.9027396986881892,
    0.8670478016138077,
    0.904001459479332,
    0.9192123810450236,
    0.955870233476162,
    0.9310736407836279,
    0.9012029667695364,
    0.8941723754008611,
    0.887657622496287,
    0.8857446014881134
  ],
  "val_mae": [
    1.4282176494598389,
    1.2685009241104126,
    1.079033613204956,
    0.9459759593009949,
    0.7184286117553711,
    0.6435317993164062,
    0.5581289529800415,
    0.5423729419708252,
    0.5203382968902588,
    0.5285131335258484,
    0.5453572273254395,
    0.5305961966514587,
    0.5144554972648621,
    0.525987446308136,
    0.5450449585914612,
    0.5458849668502808,
    0.5497493743896484,
    0.5273439288139343,
    0.5268607139587402,
    0.5155931711196899,
    0.5178998708724976,
    0.523283064365387,
    0.5196579098701477,
    0.5445789098739624,
    0.5383212566375732,
    0.5396343469619751,
    0.5384832620620728,
    0.5403163433074951,
    0.5415652394294739,
    0.5434244275093079,
    0.543814480304718,
    0.5491582751274109,
    0.5437656044960022,
    0.5447679758071899,
    0.5389410257339478
  ],
  "val_r2": [
    -0.2807126045227051,
    0.08610576391220093,
    0.2859448790550232,
    0.4035828113555908,
    0.5580450892448425,
    0.6323421001434326,
    0.7056661248207092,
    0.6992100477218628,
    0.6648005247116089,
    0.6962050795555115,
    0.6771491765975952,
    0.6881904602050781,
    0.6852051019668579,
    0.6907172203063965,
    0.7014747858047485,
    0.6734700202941895,
    0.6640932559967041,
    0.7036584615707397,
    0.7041888236999512,
    0.7261607646942139,
    0.715233564376831,
    0.7189300060272217,
    0.7246309518814087,
    0.708680272102356,
    0.7179319858551025,
    0.7093420028686523,
    0.7231656312942505,
    0.7090271711349487,
    0.703152596950531,
    0.6898645162582397,
    0.6983576416969299,
    0.7107520699501038,
    0.7133461833000183,
    0.7164220809936523,
    0.7166745662689209
  ],
  "lr": [
    0.001,
    0.001,
    0.001,
    0.001,
    0.001,
    0.001,
    0.001,
    0.001,
    0.001,
    0.001,
    0.001,
    0.001,
    0.0005,
    0.0005,
    0.0005,
    0.0005,
    0.0005,
    0.0005,
    0.00025,
    0.00025,
    0.00025,
    0.00025,
    0.00025,
    0.00025,
    0.00025,
    0.000125,
    0.000125,
    0.000125,
    0.000125,
    0.000125,
    0.000125,
    6.25e-05,
    6.25e-05,
    6.25e-05,
    6.25e-05
  ]
}