{
  "train_loss": [
    5.954478235471816,
    2.206906347047715,
    1.943019185747419,
    1.989973661445436,
    1.844626893599828,
    2.2114337498233434,
    1.7832383655366444,
    1.6395008109864735,
    1.394143963143939,
    1.612613212494623,
    1.7281069812320529,
    1.6969577982312156,
    1.7911273354575747,
    1.3123770427136194,
    1.4013176673934573,
    1.701404625461215,
    1.2721117763292222,
    1.3722021679083507,
    1.4152013396932965,
    1.2467528936408816,
    1.3639625921135856,
    1.4605148363681066,
    1.1197924755868458,
    1.242496227934247,
    1.3755972953069777,
    1.2880137676284427,
    1.0287066549062729,
    0.9689012084688459,
    1.3027495947622119,
    1.0765922452722276,
    0.8803312558503378,
    0.8675391844340733,
    1.1904220964227403,
    0.9800874377999987,
    1.033563602538336,
    1.1722495939050401,
    0.929495341011456,
    0.937229389945666,
    0.8318448307968321,
    0.8576208182743618,
    0.8196636509327662,
    0.7049790564037505,
    0.9207348965463185,
    0.7287471365360987,
    0.9955722093582153,
    0.770218068645114,
    0.8758673575662431,
    0.7635850863797324,
    0.6990465507620857,
    0.7189892317567553,
    0.7838437890722638,
    0.6338909992149898,
    0.930455914565495,
    0.7797352558090573,
    0.7619304415725526,
    0.5998194742770422,
    0.8945797185103098,
    0.9852647788467861,
    0.6596008333421889,
    0.6977699739592416,
    0.7965749133200872,
    0.8712072024742762,
    0.8639641212565559,
    0.6132068030890965,
    0.7060542014383134,
    0.8164902329444885
  ],
  "val_loss": [
    1.8134931027889252,
    1.7974511136611302,
    1.257304608821869,
    1.3307659576336544,
    1.3784887939691544,
    1.0811671415964763,
    1.1211331685384114,
    0.9251790344715118,
    0.9603345294793447,
    1.1368869692087173,
    0.9617177248001099,
    0.9968068599700928,
    1.0166967858870823,
    0.9200106213490168,
    0.9508018791675568,
    1.008225550254186,
    1.082964688539505,
    0.9469471996029218,
    0.8942440648873647,
    0.888010616103808,
    0.8272013639410337,
    0.8368226190408071,
    1.1965782443682353,
    0.9954196537534395,
    1.0264025256037712,
    1.0678521047035854,
    1.0065222283204396,
    0.8693051040172577,
    0.8490997602542242,
    0.8421491334835688,
    0.784136638045311,
    0.9013892561197281,
    0.9506077095866203,
    0.8195528189341227,
    0.9075443396965662,
    0.8490093847115835,
    0.8523886452118555,
    0.8724544495344162,
    0.8891414155562719,
    0.8540635307629904,
    0.8422072579463323,
    0.8588741620381674,
    0.8137300858894984,
    0.8334957212209702,
    0.7782876218358675,
    0.8313877185185751,
    0.8718957180778185,
    0.8225851580500603,
    0.8131032387415568,
    0.8140245924393336,
    0.7674769709507624,
    0.8209728822112083,
    0.8422997544209162,
    0.8292842904726664,
    0.8279195303718249,
    0.8025369495153427,
    0.8071545710166296,
    0.780844564239184,
    0.7854371219873428,
    0.7803331265846888,
    0.7692417055368423,
    0.7915050908923149,
    0.7784879729151726,
    0.7840924138824145,
    0.7781729648510615,
    0.8026017546653748
  ],
  "val_mae": [
    0.7706632614135742,
    0.8990094065666199,
    0.6737341284751892,
    0.6677716374397278,
    0.7205250263214111,
    0.57086580991745,
    0.6271665692329407,
    0.6060516834259033,
    0.6026346683502197,
    0.6539109349250793,
    0.5880147814750671,
    0.5542173385620117,
    0.6455639004707336,
    0.5602476596832275,
    0.5832460522651672,
    0.6029136776924133,
    0.6667008996009827,
    0.5540038347244263,
    0.5935543179512024,
    0.5754677653312683,
    0.599674642086029,
    0.5795438289642334,
    0.6073014736175537,
    0.605307400226593,
    0.6090301871299744,
    0.6209754347801208,
    0.6197561621665955,
    0.5996609926223755,
    0.5505692362785339,
    0.5783028602600098,
    0.5506978034973145,
    0.58086097240448,
    0.6026241183280945,
    0.5750868320465088,
    0.5779693126678467,
    0.5668731927871704,
    0.5938897728919983,
    0.5712655186653137,
    0.6102157831192017,
    0.5674907565116882,
    0.5892184376716614,
    0.6186010241508484,
    0.5628740191459656,
    0.5943120718002319,
    0.567725419998169,
    0.5873717069625854,
    0.6000072956085205,
    0.5920922756195068,
    0.5896533131599426,
    0.5799093246459961,
    0.5622137188911438,
    0.584527850151062,
    0.5824370980262756,
    0.5961073040962219,
    0.5812438726425171,
    0.5776719450950623,
    0.5770882368087769,
    0.5587199926376343,
    0.5858900547027588,
    0.5798487067222595,
    0.578046977519989,
    0.5771536827087402,
    0.5773910880088806,
    0.5948768854141235,
    0.5982771515846252,
    0.5801771283149719
  ],
  "val_r2": [
    0.40275442600250244,
    0.42124027013778687,
    0.6115070581436157,
    0.5677205324172974,
    0.555148184299469,
    0.6603769063949585,
    0.6574115753173828,
    0.710472583770752,
    0.6923980712890625,
    0.6391832828521729,
    0.7064164876937866,
    0.6755344271659851,
    0.6797584295272827,
    0.7045081853866577,
    0.6949631571769714,
    0.6800538301467896,
    0.6522554159164429,
    0.6918895244598389,
    0.7271428108215332,
    0.710309624671936,
    0.7324120998382568,
    0.7364778518676758,
    0.6098865270614624,
    0.678134560585022,
    0.6680059432983398,
    0.6520912647247314,
    0.6864932179450989,
    0.7236030101776123,
    0.725156307220459,
    0.7282305955886841,
    0.7498784065246582,
    0.7075766921043396,
    0.6923866271972656,
    0.743294358253479,
    0.7054114937782288,
    0.7296728491783142,
    0.7226407527923584,
    0.7203030586242676,
    0.7140768766403198,
    0.7248862385749817,
    0.728419303894043,
    0.7224518060684204,
    0.7388111352920532,
    0.7323139309883118,
    0.7506515979766846,
    0.7315629720687866,
    0.7184035778045654,
    0.7357190847396851,
    0.7385308742523193,
    0.7372177839279175,
    0.7544012069702148,
    0.7339538335800171,
    0.7269574403762817,
    0.733666181564331,
    0.7324214577674866,
    0.7410671710968018,
    0.7402937412261963,
    0.7499570846557617,
    0.7485504150390625,
    0.7491165995597839,
    0.7531020045280457,
    0.7448714375495911,
    0.7500424385070801,
    0.7485854625701904,
    0.7504522800445557,
    0.7411050200462341
  ],
  "lr": [
    0.001,
    0.001,
    0.001,
    0.001,
    0.001,
    0.001,
    0.001,
    0.001,
    0.001,
    0.001,
    0.001,
    0.001,
    0.001,
    0.001,
    0.001,
    0.001,
    0.001,
    0.001,
    0.001,
    0.001,
    0.001,
    0.001,
    0.001,
    0.001,
    0.001,
    0.001,
    0.0005,
    0.0005,
    0.0005,
    0.0005,
    0.0005,
    0.0005,
    0.0005,
    0.0005,
    0.0005,
    0.0005,
    0.00025,
    0.00025,
    0.00025,
    0.00025,
    0.00025,
    0.00025,
    0.000125,
    0.000125,
    0.000125,
    0.000125,
    0.000125,
    0.000125,
    0.000125,
    0.000125,
    0.000125,
    0.000125,
    0.000125,
    0.000125,
    0.000125,
    0.000125,
    6.25e-05,
    6.25e-05,
    6.25e-05,
    6.25e-05,
    6.25e-05,
    6.25e-05,
    3.125e-05,
    3.125e-05,
    3.125e-05,
    3.125e-05
  ]
}