{
  "train_loss": [
    59.799961271740145,
    53.18069040207636,
    47.88752219790504,
    43.09110614231655,
    38.374088287353516,
    32.69899713425409,
    26.637322743733723,
    23.470516704377673,
    20.26119529633295,
    15.83010010492234,
    14.046506563822428,
    12.516517457507906,
    9.490755762372698,
    8.777721643447876,
    7.854700179327102,
    7.949625628335135,
    7.9649810336885,
    6.941348529997326,
    6.514275357836769,
    6.935721965063186,
    7.798545224325998,
    6.524980862935384,
    6.870600098655338,
    6.945699816658383,
    6.425681239082699,
    6.28642767951602,
    6.5629776659465975,
    5.448855048134213,
    6.840477307637532,
    6.435027077084496,
    6.3635692823500865,
    6.115584736778622,
    5.717177947362264,
    5.80531366666158,
    6.379838239578974,
    6.473903701418922,
    6.170834768386114,
    6.088601555143084,
    5.239715087981451,
    6.0228317351568315,
    5.682983307611375,
    6.234786215282622,
    6.04068348521278,
    5.694305947848728,
    5.779078233809698,
    5.7087539831797285,
    6.621337266195388,
    6.555670306796119,
    7.071078073410761,
    5.924836499350412
  ],
  "val_loss": [
    48.16044934590658,
    42.73927243550619,
    37.172262827555336,
    36.06887626647949,
    29.145500500996906,
    27.591776847839355,
    20.18761682510376,
    18.462101141611736,
    17.497053464253742,
    14.048577785491943,
    12.083449522654215,
    10.475536505381266,
    9.74745281537374,
    7.403113126754761,
    9.366403182347616,
    6.763604958852132,
    6.859584093093872,
    6.840189854303996,
    6.373305559158325,
    5.716920415560405,
    5.722622235616048,
    5.924112955729167,
    5.889041105906169,
    6.071860074996948,
    6.608675479888916,
    5.8732229471206665,
    5.807800531387329,
    5.926607251167297,
    5.835288683573405,
    5.594739675521851,
    5.633983214696248,
    5.942125082015991,
    5.721936623255412,
    5.96907639503479,
    5.495575348536174,
    5.541915814081828,
    5.582694451014201,
    5.595899184544881,
    5.676340301831563,
    5.787057638168335,
    6.06636369228363,
    5.797558863957723,
    5.823665976524353,
    5.526727716128032,
    5.582261562347412,
    5.662406484285991,
    5.843900799751282,
    5.944324175516765,
    5.818221529324849,
    5.5699775616327925
  ],
  "val_mae": [
    6.351710319519043,
    6.067609786987305,
    5.66968297958374,
    5.508624076843262,
    4.99535608291626,
    4.762864589691162,
    4.020236968994141,
    3.798874616622925,
    3.611896514892578,
    3.084737777709961,
    2.8135602474212646,
    2.545210838317871,
    2.4412238597869873,
    2.204035520553589,
    2.069589853286743,
    1.8615318536758423,
    1.8582969903945923,
    1.8496029376983643,
    1.8056883811950684,
    1.6517728567123413,
    1.6602879762649536,
    1.7121045589447021,
    1.7059897184371948,
    1.7280142307281494,
    1.741934061050415,
    1.6825993061065674,
    1.6479058265686035,
    1.6921477317810059,
    1.6623016595840454,
    1.6491714715957642,
    1.6161307096481323,
    1.6377924680709839,
    1.616546630859375,
    1.6822303533554077,
    1.6045981645584106,
    1.6197742223739624,
    1.632921814918518,
    1.6572463512420654,
    1.641784429550171,
    1.6251124143600464,
    1.6575343608856201,
    1.6481565237045288,
    1.640543818473816,
    1.6210033893585205,
    1.6186708211898804,
    1.626327395439148,
    1.6263865232467651,
    1.6698673963546753,
    1.6388717889785767,
    1.6280983686447144
  ],
  "val_r2": [
    -1.7074244022369385,
    -1.3979887962341309,
    -1.0730574131011963,
    -1.0265576839447021,
    -0.6317673921585083,
    -0.5604821443557739,
    -0.13132178783416748,
    -0.043068647384643555,
    0.001890718936920166,
    0.19599634408950806,
    0.3090900182723999,
    0.39319121837615967,
    0.4316527247428894,
    0.5681341886520386,
    0.4573214650154114,
    0.6057782173156738,
    0.6216868162155151,
    0.601002037525177,
    0.6437323093414307,
    0.6641700267791748,
    0.6730132102966309,
    0.6645448207855225,
    0.6610264778137207,
    0.6522305011749268,
    0.6287233233451843,
    0.6672338247299194,
    0.6711437702178955,
    0.660773754119873,
    0.6752983927726746,
    0.680748701095581,
    0.6794702410697937,
    0.6688990592956543,
    0.6726075410842896,
    0.6673507690429688,
    0.6882501244544983,
    0.6816729307174683,
    0.6715543270111084,
    0.6788876056671143,
    0.6704937219619751,
    0.6698870062828064,
    0.6536927223205566,
    0.6676450967788696,
    0.66866534948349,
    0.6870228052139282,
    0.6857911944389343,
    0.6748178005218506,
    0.6663861870765686,
    0.6540815830230713,
    0.6652562618255615,
    0.6793347597122192
  ],
  "lr": [
    0.001,
    0.001,
    0.001,
    0.001,
    0.001,
    0.001,
    0.001,
    0.001,
    0.001,
    0.001,
    0.001,
    0.001,
    0.001,
    0.001,
    0.001,
    0.001,
    0.001,
    0.001,
    0.001,
    0.001,
    0.001,
    0.001,
    0.001,
    0.001,
    0.001,
    0.0005,
    0.0005,
    0.0005,
    0.0005,
    0.0005,
    0.0005,
    0.0005,
    0.0005,
    0.0005,
    0.0005,
    0.0005,
    0.0005,
    0.0005,
    0.0005,
    0.0005,
    0.00025,
    0.00025,
    0.00025,
    0.00025,
    0.00025,
    0.00025,
    0.000125,
    0.000125,
    0.000125,
    0.000125
  ]
}