{
  "train_loss": [
    36.82299414135161,
    8.687206870033627,
    6.2458231676192515,
    5.743121351514544,
    6.219723037311009,
    4.789858307157244,
    6.096122991471064,
    5.421315340768723,
    5.577275015058971,
    5.506702275503249,
    4.640876230739412,
    4.526902800514584,
    4.189756961095901,
    4.262751408985683,
    4.62078477087475,
    5.165395401772999,
    5.13923548516773,
    4.290710619517735,
    4.358131476811001,
    4.212699946903047,
    4.686237363588242,
    3.5907416968118575,
    4.147585936955044,
    4.22731580053057,
    4.349686202548799,
    4.146587099347796,
    3.713810784476144,
    3.919729011399405,
    3.9646163157054355,
    3.414565608614967,
    3.248665247644697,
    3.1324950002488636,
    3.1264196974890575,
    3.690652779170445,
    3.6004822310947238,
    3.9087722925912765,
    3.308556602114723,
    3.0431832586015974,
    2.966756570906866,
    3.1809317157382058,
    2.776520859627497,
    3.212988700185503,
    3.078472296396891,
    3.175750664302281,
    3.1048494634174166,
    3.2201909791855585,
    3.1536284401303245,
    3.3180848757425943,
    3.630975149926685,
    2.9144015652792796,
    3.283043322109041,
    2.965326502209618,
    3.2872282720747448,
    3.228146479243324,
    3.3648567653837658,
    3.1657915796552385,
    3.0494896343776157,
    2.736181514603751
  ],
  "val_loss": [
    20.643457412719727,
    9.385920286178589,
    7.234612941741943,
    7.0439668496449785,
    6.372770547866821,
    5.846384366353353,
    5.350927432378133,
    7.105000336964925,
    5.329467574755351,
    6.750065406163533,
    5.847670316696167,
    5.848970174789429,
    4.794917861620585,
    5.8856949011484785,
    7.298506538073222,
    5.146263877550761,
    5.138135194778442,
    6.27140740553538,
    6.01706584294637,
    4.97557000319163,
    5.666402379671733,
    4.635051886240642,
    4.641964912414551,
    5.049334605534871,
    5.084904829661052,
    4.88525128364563,
    5.157692035039266,
    4.8203041553497314,
    4.7226747671763105,
    4.93648366133372,
    4.6304309368133545,
    4.711795488993327,
    4.802836577097575,
    5.119706153869629,
    4.731823484102885,
    4.5737530787785845,
    4.785326242446899,
    4.689659317334493,
    4.799915790557861,
    4.5656516551971436,
    4.78627622127533,
    4.768586913744609,
    4.468118071556091,
    4.490835229555766,
    4.662168105443318,
    4.9169085423151655,
    4.783365925153096,
    4.5679588715235395,
    4.532981316248576,
    4.512059847513835,
    4.861013611157735,
    4.730829079945882,
    4.870283007621765,
    4.8315261999766035,
    4.872534831364949,
    4.7847821315129595,
    5.047893246014913,
    4.87859574953715
  ],
  "val_mae": [
    4.156350135803223,
    2.0748112201690674,
    1.8598833084106445,
    1.9107069969177246,
    1.745457410812378,
    1.7212095260620117,
    1.713846206665039,
    1.7353482246398926,
    1.6809208393096924,
    1.789720892906189,
    1.6862086057662964,
    1.7323284149169922,
    1.576977014541626,
    1.695542573928833,
    1.7784574031829834,
    1.6294727325439453,
    1.6319100856781006,
    1.7180014848709106,
    1.8162516355514526,
    1.557846188545227,
    1.606032133102417,
    1.5428937673568726,
    1.5800622701644897,
    1.5571259260177612,
    1.5536335706710815,
    1.6006361246109009,
    1.5797078609466553,
    1.5627658367156982,
    1.551683783531189,
    1.5528403520584106,
    1.555590033531189,
    1.5773626565933228,
    1.5738155841827393,
    1.5679153203964233,
    1.5800672769546509,
    1.533657193183899,
    1.5529334545135498,
    1.5320265293121338,
    1.5646964311599731,
    1.5788311958312988,
    1.5794649124145508,
    1.5234090089797974,
    1.5719764232635498,
    1.5925707817077637,
    1.6094038486480713,
    1.6141479015350342,
    1.5777384042739868,
    1.5610140562057495,
    1.5638710260391235,
    1.547542691230774,
    1.606486439704895,
    1.6058225631713867,
    1.6326903104782104,
    1.5890461206436157,
    1.5759083032608032,
    1.5926144123077393,
    1.5964598655700684,
    1.5898253917694092
  ],
  "val_r2": [
    -0.160139799118042,
    0.4550650119781494,
    0.5858617424964905,
    0.5935487747192383,
    0.6266055107116699,
    0.6742583513259888,
    0.6888340711593628,
    0.5955304503440857,
    0.688543438911438,
    0.6161221265792847,
    0.660680890083313,
    0.6696146130561829,
    0.7220864295959473,
    0.6615735292434692,
    0.5795223712921143,
    0.6978905200958252,
    0.7018455266952515,
    0.6364469528198242,
    0.6687655448913574,
    0.7155522108078003,
    0.6756706237792969,
    0.7313405275344849,
    0.738578200340271,
    0.7124692797660828,
    0.7169568538665771,
    0.7164995670318604,
    0.7042371034622192,
    0.7340652346611023,
    0.7325809001922607,
    0.7170044183731079,
    0.7368651628494263,
    0.7350887656211853,
    0.7248237133026123,
    0.701685905456543,
    0.7343286275863647,
    0.7381865978240967,
    0.7269918918609619,
    0.734325110912323,
    0.7284506559371948,
    0.7456837296485901,
    0.7250663042068481,
    0.7259606122970581,
    0.7480818033218384,
    0.7452248334884644,
    0.738013505935669,
    0.7224529385566711,
    0.723664402961731,
    0.7371760606765747,
    0.74576735496521,
    0.7436294555664062,
    0.7211761474609375,
    0.7288278341293335,
    0.7278305292129517,
    0.728805422782898,
    0.7245963215827942,
    0.7285468578338623,
    0.7107220888137817,
    0.7245904207229614
  ],
  "lr": [
    0.001,
    0.001,
    0.001,
    0.001,
    0.001,
    0.001,
    0.001,
    0.001,
    0.001,
    0.001,
    0.001,
    0.001,
    0.001,
    0.001,
    0.001,
    0.001,
    0.001,
    0.001,
    0.0005,
    0.0005,
    0.0005,
    0.0005,
    0.0005,
    0.0005,
    0.0005,
    0.0005,
    0.0005,
    0.00025,
    0.00025,
    0.00025,
    0.00025,
    0.00025,
    0.00025,
    0.00025,
    0.00025,
    0.00025,
    0.00025,
    0.00025,
    0.00025,
    0.00025,
    0.00025,
    0.00025,
    0.00025,
    0.00025,
    0.00025,
    0.00025,
    0.00025,
    0.00025,
    0.000125,
    0.000125,
    0.000125,
    0.000125,
    0.000125,
    0.000125,
    6.25e-05,
    6.25e-05,
    6.25e-05,
    6.25e-05
  ]
}