{
  "train_loss": [
    52.558477492559526,
    45.44225556509836,
    38.89324833097912,
    33.489667075020925,
    28.742124693734304,
    24.173683620634534,
    20.542003631591797,
    17.81585913612729,
    15.18526213509696,
    13.952216261909122,
    11.305231003534226,
    10.669284093947638,
    8.89219331741333,
    8.462686129978724,
    7.4847364993322465,
    8.130970387231736,
    7.425432795570011,
    7.382189750671387,
    6.87307992435637,
    6.924375636237008,
    6.817488431930542,
    6.173337675276256,
    6.603923320770264,
    6.757528872716994,
    6.798366433098202,
    6.570114555813017,
    6.266514903023129,
    7.008647782461984,
    6.339286883672078,
    5.976239669890631,
    6.396397420338222,
    6.646880274727231,
    5.802115939912342,
    6.188172851290021,
    6.209334759485154
  ],
  "val_loss": [
    43.29850196838379,
    34.05192756652832,
    31.582173029581707,
    26.2374366124471,
    22.70842170715332,
    21.98799705505371,
    18.53855053583781,
    16.40894428888957,
    14.1165558497111,
    11.240361213684082,
    10.821530818939209,
    8.904491265614828,
    8.625778357187906,
    6.8131420612335205,
    7.145727872848511,
    6.3656307856241865,
    6.056760827700297,
    6.359831889470418,
    5.554121891657512,
    5.428827961285909,
    5.848848422368367,
    5.537574688593547,
    5.571615934371948,
    5.676747600237529,
    6.0005989869435625,
    5.608437736829122,
    5.775201539198558,
    5.636815468470256,
    5.5136460065841675,
    5.618179400761922,
    5.532868226369222,
    5.460413575172424,
    5.580226540565491,
    5.776602824529012,
    5.729665915171306
  ],
  "val_mae": [
    5.964594841003418,
    5.399599075317383,
    5.210678577423096,
    4.74281644821167,
    4.357589244842529,
    4.2662153244018555,
    3.813180923461914,
    3.505234479904175,
    3.221986770629883,
    2.8696677684783936,
    2.676145076751709,
    2.431002140045166,
    2.3129799365997314,
    1.9109225273132324,
    1.9615600109100342,
    1.9147742986679077,
    1.7289189100265503,
    1.7343289852142334,
    1.6974796056747437,
    1.6939347982406616,
    1.684177279472351,
    1.6927462816238403,
    1.675668716430664,
    1.7017076015472412,
    1.7087113857269287,
    1.6747546195983887,
    1.6961650848388672,
    1.6554292440414429,
    1.6655715703964233,
    1.6716147661209106,
    1.6490871906280518,
    1.6311371326446533,
    1.6421680450439453,
    1.6669169664382935,
    1.6437488794326782
  ],
  "val_r2": [
    -1.4212887287139893,
    -0.8853480815887451,
    -0.7508316040039062,
    -0.4496699571609497,
    -0.2638835906982422,
    -0.23627793788909912,
    -0.057159423828125,
    0.06073659658432007,
    0.19187891483306885,
    0.3585769534111023,
    0.37496107816696167,
    0.4843409061431885,
    0.5001586675643921,
    0.6107189655303955,
    0.5861020088195801,
    0.6288784742355347,
    0.6458059549331665,
    0.6341158747673035,
    0.6786214709281921,
    0.6929177045822144,
    0.6600929498672485,
    0.679766058921814,
    0.6754320859909058,
    0.668777585029602,
    0.6502482891082764,
    0.6756861209869385,
    0.658929169178009,
    0.6704357862472534,
    0.6789383888244629,
    0.6747960448265076,
    0.6771180629730225,
    0.6818856000900269,
    0.6754937171936035,
    0.6643854379653931,
    0.663936972618103
  ],
  "lr": [
    0.001,
    0.001,
    0.001,
    0.001,
    0.001,
    0.001,
    0.001,
    0.001,
    0.001,
    0.001,
    0.001,
    0.001,
    0.001,
    0.001,
    0.001,
    0.001,
    0.001,
    0.001,
    0.001,
    0.001,
    0.001,
    0.001,
    0.001,
    0.001,
    0.001,
    0.0005,
    0.0005,
    0.0005,
    0.0005,
    0.0005,
    0.0005,
    0.00025,
    0.00025,
    0.00025,
    0.00025
  ]
}