{
  "train_loss": [
    130.1847185407366,
    118.71230570475261,
    108.81225694928851,
    99.59363428751628,
    91.12962232317243,
    83.6142441885812,
    74.85486548287528,
    67.9348971048991,
    60.816061564854216,
    53.90326899573917,
    48.806742713564915,
    41.71364725203741,
    36.97312845502581,
    35.19876352945963,
    31.92770885285877,
    29.62654122852144,
    28.07180681682768,
    22.254545257205056,
    26.038543428693497,
    21.77793330237979,
    21.28551160721552,
    19.53742942355928,
    20.691090901692707,
    20.564911229269846,
    22.409725234622048,
    19.87003921327137,
    20.63370096115839,
    19.396352722531272,
    18.719898405529204,
    20.499199004400346,
    16.87126148314703,
    19.848485083807084,
    17.919152872903005,
    18.42210292816162,
    17.206113906133744,
    21.3934447878883,
    19.080412955511186,
    17.9331537882487,
    19.078731377919514,
    20.608801796322776,
    18.33452388218471,
    16.702083587646484,
    17.534953662327357,
    21.935162680489675,
    17.801038832891557,
    18.186998049418133,
    20.386967999594553,
    19.6132093838283,
    18.650165875752766,
    19.439192998976935
  ],
  "val_loss": [
    103.68848292032878,
    94.02937825520833,
    89.43659591674805,
    84.8389097849528,
    81.44493993123372,
    73.55187670389812,
    71.7475045522054,
    58.618544260660805,
    54.9871940612793,
    55.008528073628746,
    47.18812815348307,
    44.69649569193522,
    39.38752460479736,
    37.545372009277344,
    34.0415096282959,
    34.23092190424601,
    31.776182174682617,
    28.91145928700765,
    29.013256549835205,
    24.062915325164795,
    23.45453866322835,
    21.63347291946411,
    23.529683113098145,
    22.266674836476643,
    22.517847299575806,
    21.29067023595174,
    20.68715810775757,
    21.304282188415527,
    21.358896891276043,
    20.88408438364665,
    18.975451787312824,
    17.713997920354206,
    18.40603431065877,
    17.93293062845866,
    16.980996529261272,
    19.899356365203857,
    17.696515162785847,
    18.609708786010742,
    18.994407812754314,
    19.12553946177165,
    17.8303480943044,
    18.041630665461224,
    19.2817169825236,
    18.55333439509074,
    17.622281233469646,
    17.886207501093548,
    17.80538074175517,
    17.833749612172443,
    17.949376900990803,
    17.995781739552815
  ],
  "val_mae": [
    8.673102378845215,
    8.366931915283203,
    8.122370719909668,
    7.88004207611084,
    7.674308776855469,
    7.238519668579102,
    7.12579345703125,
    6.258475303649902,
    5.989929676055908,
    5.942533016204834,
    5.358037948608398,
    5.160491943359375,
    4.6003241539001465,
    4.46790075302124,
    4.0370192527771,
    4.004949569702148,
    3.8360435962677,
    3.548957586288452,
    3.4277780055999756,
    3.146667957305908,
    3.080122232437134,
    2.899686098098755,
    2.969416856765747,
    2.8952836990356445,
    2.906160354614258,
    2.9026665687561035,
    2.8661129474639893,
    2.879584312438965,
    2.9007437229156494,
    2.9105772972106934,
    2.801100015640259,
    2.780526638031006,
    2.8091015815734863,
    2.865572929382324,
    2.802217960357666,
    2.788566827774048,
    2.7882702350616455,
    2.7888028621673584,
    2.7901713848114014,
    2.8029263019561768,
    2.7640044689178467,
    2.741234540939331,
    2.8733415603637695,
    2.8792736530303955,
    2.836606025695801,
    2.773035764694214,
    2.864393711090088,
    2.7994942665100098,
    2.764793634414673,
    2.8138539791107178
  ],
  "val_r2": [
    -1.251711130142212,
    -1.0247457027435303,
    -0.9361075162887573,
    -0.8517512083053589,
    -0.7848445177078247,
    -0.6081234216690063,
    -0.5801796913146973,
    -0.2936413288116455,
    -0.21046757698059082,
    -0.22688686847686768,
    -0.04793989658355713,
    0.0019001364707946777,
    0.11886519193649292,
    0.15817761421203613,
    0.23538362979888916,
    0.2279711365699768,
    0.2847052216529846,
    0.34876835346221924,
    0.33968788385391235,
    0.46515756845474243,
    0.46988457441329956,
    0.5127855539321899,
    0.4633415937423706,
    0.5008969306945801,
    0.4852238893508911,
    0.5148544311523438,
    0.530402660369873,
    0.5186150670051575,
    0.5231842398643494,
    0.5304053425788879,
    0.5698255300521851,
    0.5959585309028625,
    0.5793501734733582,
    0.5945860147476196,
    0.6134368181228638,
    0.543046236038208,
    0.5971947908401489,
    0.5742085576057434,
    0.5682463645935059,
    0.574309229850769,
    0.5961232781410217,
    0.5891550779342651,
    0.5655713081359863,
    0.5844337940216064,
    0.6016600131988525,
    0.5921566486358643,
    0.5968489646911621,
    0.5952798128128052,
    0.592301607131958,
    0.5929375886917114
  ],
  "lr": [
    0.001,
    0.001,
    0.001,
    0.001,
    0.001,
    0.001,
    0.001,
    0.001,
    0.001,
    0.001,
    0.001,
    0.001,
    0.001,
    0.001,
    0.001,
    0.001,
    0.001,
    0.001,
    0.001,
    0.001,
    0.001,
    0.001,
    0.001,
    0.001,
    0.001,
    0.001,
    0.001,
    0.001,
    0.001,
    0.001,
    0.001,
    0.001,
    0.001,
    0.001,
    0.001,
    0.001,
    0.001,
    0.001,
    0.001,
    0.001,
    0.0005,
    0.0005,
    0.0005,
    0.0005,
    0.0005,
    0.0005,
    0.00025,
    0.00025,
    0.00025,
    0.00025
  ]
}