{
  "train_loss": [
    108.46330388387044,
    46.30741877782913,
    21.745821998232888,
    18.13182851246425,
    16.713963145301456,
    19.24862546012515,
    15.288871765136719,
    15.161966142200288,
    15.862447920299712,
    15.225385620480491,
    15.600352877662296,
    13.942927610306512,
    15.19789743423462,
    14.054629757290794,
    15.084630988893055,
    15.038090910230364,
    13.1473050344558,
    13.253868239266533,
    15.403502328055245,
    13.498234272003174,
    13.774121625082833,
    12.413349900926862,
    12.607601279304141
  ],
  "val_loss": [
    70.768004099528,
    40.47376410166422,
    31.260870615641277,
    24.752620538075764,
    21.29150613149007,
    22.37381633122762,
    21.8815811475118,
    18.905340989430744,
    21.528125445048016,
    22.070573329925537,
    20.23669195175171,
    20.659513473510742,
    23.12972625096639,
    20.438028971354168,
    22.261476675669353,
    20.133732477823894,
    20.22747317949931,
    23.59491507212321,
    20.45867347717285,
    19.5702706972758,
    18.98555898666382,
    19.483791987101238,
    18.950103600819904
  ],
  "val_mae": [
    7.156255722045898,
    4.715497970581055,
    3.6097536087036133,
    3.0747263431549072,
    3.135235071182251,
    3.24585223197937,
    3.102139949798584,
    2.988628387451172,
    3.199143171310425,
    3.0702295303344727,
    2.9363253116607666,
    3.130561113357544,
    3.196708917617798,
    3.045637845993042,
    3.15053391456604,
    3.019665241241455,
    2.99101185798645,
    3.1607298851013184,
    3.094987154006958,
    2.8801522254943848,
    2.9442150592803955,
    2.87483286857605,
    2.827648162841797
  ],
  "val_r2": [
    -0.515344500541687,
    0.099773108959198,
    0.2841024398803711,
    0.4320836663246155,
    0.5246398448944092,
    0.49117761850357056,
    0.4977150559425354,
    0.5735321640968323,
    0.5135074853897095,
    0.4965709447860718,
    0.5387543439865112,
    0.5401852130889893,
    0.4718267321586609,
    0.5354539155960083,
    0.4973214268684387,
    0.5466839075088501,
    0.5380386114120483,
    0.4603784680366516,
    0.5430183410644531,
    0.5531351566314697,
    0.5719959735870361,
    0.5584795475006104,
    0.5730307102203369
  ],
  "lr": [
    0.001,
    0.001,
    0.001,
    0.001,
    0.001,
    0.001,
    0.001,
    0.001,
    0.001,
    0.001,
    0.001,
    0.001,
    0.001,
    0.0005,
    0.0005,
    0.0005,
    0.0005,
    0.0005,
    0.0005,
    0.00025,
    0.00025,
    0.00025,
    0.00025
  ]
}