{
  "train_loss": [
    130.24151429675874,
    120.13711983816964,
    106.87741651989165,
    99.00836672101703,
    91.72446605137416,
    82.42272131783622,
    74.31321298508416,
    65.62417112077985,
    59.43857992263067,
    55.68617866152809,
    47.290095102219354,
    43.209229151407875,
    36.954410552978516,
    34.67473838442848,
    30.390130315508163,
    26.622302373250324,
    27.55526556287493,
    26.591984521775018,
    22.74233459291004,
    24.643433752514067,
    21.211971328372048,
    21.045339607057116,
    19.79624466668992,
    19.187057903834752,
    18.745475541977655,
    19.664820534842356,
    18.187788736252557,
    18.068524996439617,
    20.003738198961532,
    18.97802598135812,
    19.894049644470215,
    19.894516626993816,
    18.979280971345446,
    19.13608051481701,
    18.108445894150506,
    20.83119891938709,
    18.797353880746023,
    20.249920640672958,
    20.293212118602934,
    20.83440049489339,
    17.82391053154355,
    19.51733298528762,
    16.422648770468577,
    15.562586148579916,
    19.527281443277996
  ],
  "val_loss": [
    99.41085306803386,
    92.83373896280925,
    83.89401753743489,
    70.86653518676758,
    76.14589564005534,
    70.22184626261394,
    66.14016596476237,
    59.89297993977865,
    53.19315846761068,
    42.87296485900879,
    42.88496462504069,
    38.72281583150228,
    35.825635274251304,
    29.905158042907715,
    27.554278532663982,
    25.515632311503094,
    22.386277198791504,
    20.41193389892578,
    21.119921048482258,
    20.32023016611735,
    21.550727049509685,
    21.228119373321533,
    19.473761558532715,
    20.9101558526357,
    19.91029103597005,
    18.610300540924072,
    18.849682648976643,
    17.840495268503826,
    17.951513926188152,
    17.164158900578816,
    17.797113100687664,
    19.56486431757609,
    18.74165956179301,
    20.817530473073322,
    18.480159838994343,
    18.001137653986614,
    19.984192927678425,
    19.462802410125732,
    18.306469917297363,
    19.010873635609943,
    19.127933184305828,
    18.797775586446125,
    18.507071177164715,
    18.094781239827473,
    17.77476167678833
  ],
  "val_mae": [
    8.587981224060059,
    8.382745742797852,
    7.983006000518799,
    7.244277477264404,
    7.489108562469482,
    7.0552167892456055,
    6.897374629974365,
    6.4888715744018555,
    5.916016578674316,
    5.104503631591797,
    5.170663356781006,
    4.70979642868042,
    4.298471450805664,
    4.059422492980957,
    3.68892240524292,
    3.603104829788208,
    3.1491293907165527,
    2.9176745414733887,
    2.979296922683716,
    2.9581730365753174,
    2.9018936157226562,
    2.8761518001556396,
    2.8012495040893555,
    2.7851479053497314,
    2.833932638168335,
    2.723681688308716,
    2.8835947513580322,
    2.7289116382598877,
    2.8080034255981445,
    2.7705562114715576,
    2.6911914348602295,
    2.7228169441223145,
    2.875910997390747,
    2.976395606994629,
    2.841478109359741,
    2.839334011077881,
    2.84454083442688,
    2.8990166187286377,
    2.7957377433776855,
    2.7634010314941406,
    2.845287561416626,
    2.9060916900634766,
    2.770112991333008,
    2.93168044090271,
    2.826948642730713
  ],
  "val_r2": [
    -1.14994215965271,
    -1.0113353729248047,
    -0.8099629878997803,
    -0.5318379402160645,
    -0.6612821817398071,
    -0.5468857288360596,
    -0.4442739486694336,
    -0.3046780824661255,
    -0.16110730171203613,
    0.06536751985549927,
    0.05358850955963135,
    0.14258545637130737,
    0.19924026727676392,
    0.339810311794281,
    0.3841485381126404,
    0.4311906099319458,
    0.49943649768829346,
    0.5403825640678406,
    0.5245633125305176,
    0.5435672998428345,
    0.507814884185791,
    0.518464207649231,
    0.5646305084228516,
    0.5200952291488647,
    0.5513453483581543,
    0.575060248374939,
    0.5826408863067627,
    0.5923207998275757,
    0.5881032943725586,
    0.6067231893539429,
    0.6002680063247681,
    0.5609514117240906,
    0.568209707736969,
    0.5251595973968506,
    0.5739874839782715,
    0.5881373882293701,
    0.5432410836219788,
    0.5585348010063171,
    0.5784971714019775,
    0.5651057958602905,
    0.5632113218307495,
    0.5680197477340698,
    0.5758137702941895,
    0.585010826587677,
    0.5935114622116089
  ],
  "lr": [
    0.001,
    0.001,
    0.001,
    0.001,
    0.001,
    0.001,
    0.001,
    0.001,
    0.001,
    0.001,
    0.001,
    0.001,
    0.001,
    0.001,
    0.001,
    0.001,
    0.001,
    0.001,
    0.001,
    0.001,
    0.001,
    0.001,
    0.001,
    0.001,
    0.001,
    0.001,
    0.001,
    0.001,
    0.001,
    0.001,
    0.001,
    0.001,
    0.001,
    0.001,
    0.001,
    0.0005,
    0.0005,
    0.0005,
    0.0005,
    0.0005,
    0.0005,
    0.00025,
    0.00025,
    0.00025,
    0.00025
  ]
}